<?xml version="1.0" encoding="UTF-8"?>
<GenRun Id="synth_1" LaunchPart="xc7a35tcpg236-1" LaunchTime="1523110421">
  <File Type="RDS-PROPCONSTRS" Name="AUDIO_FX_TOP_drc_synth.rpt"/>
  <File Type="PA-TCL" Name="AUDIO_FX_TOP.tcl"/>
  <File Type="RDS-RDS" Name="AUDIO_FX_TOP.vds"/>
  <File Type="RDS-UTIL" Name="AUDIO_FX_TOP_utilization_synth.rpt"/>
  <File Type="RDS-UTIL-PB" Name="AUDIO_FX_TOP_utilization_synth.pb"/>
  <File Type="RDS-DCP" Name="AUDIO_FX_TOP.dcp"/>
  <File Type="VDS-TIMINGSUMMARY" Name="AUDIO_FX_TOP_timing_summary_synth.rpt"/>
  <File Type="VDS-TIMING-PB" Name="AUDIO_FX_TOP_timing_summary_synth.pb"/>
  <FileSet Name="sources" Type="DesignSrcs" RelSrcDir="$PSRCDIR/sources_1">
    <Filter Type="Srcs"/>
    <File Path="$PSRCDIR/sources_1/imports/new/key_pitch_shift.v">
      <FileInfo>
        <Attr Name="ImportPath" Val="C:/Users/Haozhe/Desktop/audio_effects/audio_effects.srcs/sources_1/new/key_pitch_shift.v"/>
        <Attr Name="ImportTime" Val="1522930594"/>
        <Attr Name="UsedIn" Val="synthesis"/>
        <Attr Name="UsedIn" Val="implementation"/>
        <Attr Name="UsedIn" Val="simulation"/>
      </FileInfo>
    </File>
    <File Path="$PSRCDIR/sources_1/new/key_mux.v">
      <FileInfo>
        <Attr Name="ImportPath" Val="C:/Users/Haozhe/Desktop/audio_effects/audio_effects.srcs/sources_1/new/key_mux.v"/>
        <Attr Name="ImportTime" Val="1522830852"/>
        <Attr Name="UsedIn" Val="synthesis"/>
        <Attr Name="UsedIn" Val="implementation"/>
        <Attr Name="UsedIn" Val="simulation"/>
      </FileInfo>
    </File>
    <File Path="$PSRCDIR/sources_1/new/clock_divider.v">
      <FileInfo>
        <Attr Name="ImportPath" Val="C:/Users/Haozhe/Desktop/audio_effects/audio_effects.srcs/sources_1/new/clock_divider.v"/>
        <Attr Name="ImportTime" Val="1523036438"/>
        <Attr Name="UsedIn" Val="synthesis"/>
        <Attr Name="UsedIn" Val="implementation"/>
        <Attr Name="UsedIn" Val="simulation"/>
      </FileInfo>
    </File>
    <File Path="$PSRCDIR/sources_1/new/real_time_ps.v">
      <FileInfo>
        <Attr Name="ImportPath" Val="C:/Users/Haozhe/Desktop/audio_effects/audio_effects.srcs/sources_1/new/real_time_ps.v"/>
        <Attr Name="ImportTime" Val="1523078382"/>
        <Attr Name="UsedIn" Val="synthesis"/>
        <Attr Name="UsedIn" Val="implementation"/>
        <Attr Name="UsedIn" Val="simulation"/>
      </FileInfo>
    </File>
    <File Path="$PSRCDIR/sources_1/new/delay_system.v">
      <FileInfo>
        <Attr Name="ImportPath" Val="C:/Users/Haozhe/Desktop/audio_effects/audio_effects.srcs/sources_1/new/delay_system.v"/>
        <Attr Name="ImportTime" Val="1523070304"/>
        <Attr Name="UsedIn" Val="synthesis"/>
        <Attr Name="UsedIn" Val="implementation"/>
        <Attr Name="UsedIn" Val="simulation"/>
      </FileInfo>
    </File>
    <File Path="$PSRCDIR/sources_1/imports/imports/seven_seg_alpha.v">
      <FileInfo>
        <Attr Name="ImportPath" Val="C:/Users/Haozhe/Desktop/audio_effects/audio_effects.srcs/sources_1/imports/seven_seg_alpha.v"/>
        <Attr Name="ImportTime" Val="1523015521"/>
        <Attr Name="UsedIn" Val="synthesis"/>
        <Attr Name="UsedIn" Val="implementation"/>
        <Attr Name="UsedIn" Val="simulation"/>
      </FileInfo>
    </File>
    <File Path="$PSRCDIR/sources_1/new/playback_pitch_shifter.v">
      <FileInfo>
        <Attr Name="ImportPath" Val="C:/Users/Haozhe/Desktop/audio_effects/audio_effects.srcs/sources_1/new/playback_pitch_shifter.v"/>
        <Attr Name="ImportTime" Val="1523052313"/>
        <Attr Name="UsedIn" Val="synthesis"/>
        <Attr Name="UsedIn" Val="implementation"/>
        <Attr Name="UsedIn" Val="simulation"/>
      </FileInfo>
    </File>
    <File Path="$PSRCDIR/sources_1/imports/new/mouse_control.v">
      <FileInfo>
        <Attr Name="ImportPath" Val="$PPRDIR/../../../../../Year 1 Modules/Semester 2/EE2026/Lab Materials/special_feature_2/special_feature_2.srcs/sources_1/new/mouse_control.v"/>
        <Attr Name="ImportTime" Val="1523033993"/>
        <Attr Name="UsedIn" Val="synthesis"/>
        <Attr Name="UsedIn" Val="implementation"/>
        <Attr Name="UsedIn" Val="simulation"/>
      </FileInfo>
    </File>
    <File Path="$PSRCDIR/sources_1/new/SPI.v">
      <FileInfo>
        <Attr Name="ImportPath" Val="$PPRDIR/../../../../../../../../../../../../../../../../../../EE2020 EE2026 AY1718 SEM 1/audio_effects.srcs/sources_1/new/SPI.v"/>
        <Attr Name="ImportTime" Val="1507284396"/>
        <Attr Name="UsedIn" Val="synthesis"/>
        <Attr Name="UsedIn" Val="implementation"/>
        <Attr Name="UsedIn" Val="simulation"/>
      </FileInfo>
    </File>
    <File Path="$PSRCDIR/sources_1/new/smart_keyboard.v">
      <FileInfo>
        <Attr Name="ImportPath" Val="C:/Users/Haozhe/Desktop/audio_effects/audio_effects.srcs/sources_1/new/smart_keyboard.v"/>
        <Attr Name="ImportTime" Val="1522847604"/>
        <Attr Name="UsedIn" Val="synthesis"/>
        <Attr Name="UsedIn" Val="implementation"/>
        <Attr Name="UsedIn" Val="simulation"/>
      </FileInfo>
    </File>
    <File Path="$PSRCDIR/sources_1/new/feature_selector.v">
      <FileInfo>
        <Attr Name="ImportPath" Val="C:/Users/Haozhe/Desktop/audio_effects/audio_effects.srcs/sources_1/new/feature_selector.v"/>
        <Attr Name="ImportTime" Val="1522250304"/>
        <Attr Name="UsedIn" Val="synthesis"/>
        <Attr Name="UsedIn" Val="implementation"/>
        <Attr Name="UsedIn" Val="simulation"/>
      </FileInfo>
    </File>
    <File Path="$PSRCDIR/sources_1/new/DC_offset_filter.v">
      <FileInfo>
        <Attr Name="ImportPath" Val="C:/Users/Haozhe/Desktop/audio_effects/audio_effects.srcs/sources_1/new/DC_offset_filter.v"/>
        <Attr Name="ImportTime" Val="1521311122"/>
        <Attr Name="UsedIn" Val="synthesis"/>
        <Attr Name="UsedIn" Val="implementation"/>
        <Attr Name="UsedIn" Val="simulation"/>
      </FileInfo>
    </File>
    <File Path="$PSRCDIR/sources_1/imports/audio_effects.srcs/DA2CompRef.vhd">
      <FileInfo>
        <Attr Name="ImportPath" Val="$PPRDIR/../../../../../../../../../../../../../../../../../../EE2020 EE2026 AY1718 SEM 1/audio_effects.srcs/DA2CompRef.vhd"/>
        <Attr Name="ImportTime" Val="1506565364"/>
        <Attr Name="UsedIn" Val="synthesis"/>
        <Attr Name="UsedIn" Val="simulation"/>
      </FileInfo>
    </File>
    <File Path="$PSRCDIR/sources_1/new/AUDIO_FX_TOP.v">
      <FileInfo>
        <Attr Name="ImportPath" Val="$PPRDIR/../../../../../../../../../../../../../../../../../../EE2020 EE2026 AY1718 SEM 1/audio_effects.srcs/sources_1/new/AUDIO_FX_TOP.v"/>
        <Attr Name="ImportTime" Val="1507284394"/>
        <Attr Name="UsedIn" Val="synthesis"/>
        <Attr Name="UsedIn" Val="implementation"/>
        <Attr Name="UsedIn" Val="simulation"/>
      </FileInfo>
    </File>
    <File Path="$PSRCDIR/sources_1/imports/audio_effects/archive_project_summary.txt">
      <FileInfo>
        <Attr Name="ImportPath" Val="$PPRDIR/../../../../../../../../archive_project_summary.txt"/>
        <Attr Name="ImportTime" Val="1523107254"/>
      </FileInfo>
    </File>
    <File Path="$PPRDIR/../../../../archive_project_summary.txt"/>
    <Config>
      <Option Name="DesignMode" Val="RTL"/>
      <Option Name="TopModule" Val="AUDIO_FX_TOP"/>
      <Option Name="TopAutoSet" Val="TRUE"/>
    </Config>
  </FileSet>
  <FileSet Name="constrs_in" Type="Constrs" RelSrcDir="$PSRCDIR/constrs_1">
    <Filter Type="Constrs"/>
    <File Path="$PSRCDIR/constrs_1/imports/Lab Materials/Basys3_Master.xdc">
      <FileInfo>
        <Attr Name="ImportPath" Val="$PPRDIR/../../../../../../../../../../../../../../../../../Basys3_Master.xdc"/>
        <Attr Name="ImportTime" Val="1521191467"/>
        <Attr Name="UsedIn" Val="synthesis"/>
        <Attr Name="UsedIn" Val="implementation"/>
      </FileInfo>
    </File>
    <Config>
      <Option Name="ConstrsType" Val="XDC"/>
    </Config>
  </FileSet>
  <Strategy Version="1" Minor="2">
    <StratHandle Name="Vivado Synthesis Defaults" Flow="Vivado Synthesis 2014"/>
    <Step Id="synth_design"/>
  </Strategy>
</GenRun>
